<service>
	<id>serialportservice.exe</id>
	<name>SerialPortService</name>
	<description>Servicio para leer datos del puerto serial COM3.</description>
	<executable>C:\Program Files\nodejs\node.exe</executable>
	<argument>--harmony</argument>
	<argument>c:\ServiciosLocales_test\Balanza\node_modules\node-windows\lib\wrapper.js</argument>
	<argument>--file</argument>
	<argument>c:\ServiciosLocales_test\Balanza\server.js</argument>
	<argument>--scriptoptions=</argument>
	<argument>--log</argument>
	<argument>SerialPortService wrapper</argument>
	<argument>--grow</argument>
	<argument>0.25</argument>
	<argument>--wait</argument>
	<argument>1</argument>
	<argument>--maxrestarts</argument>
	<argument>3</argument>
	<argument>--abortonerror</argument>
	<argument>n</argument>
	<argument>--stopparentfirst</argument>
	<argument>undefined</argument>
	<logmode>rotate</logmode>
	<stoptimeout>30sec</stoptimeout>
	<serviceaccount>
		<domain>NTTD-DYMGQW3</domain>
		<user>LocalSystem</user>
		<password></password>
	</serviceaccount>
	<workingdirectory>c:\ServiciosLocales_test\Balanza</workingdirectory>
</service>