<service>
	<id>balanza_service.exe</id>
	<name>Balanza_Service</name>
	<description>Balanza ejecutándose como servicio.</description>
	<executable>C:\Program Files\nodejs\node.exe</executable>
	<argument>--harmony</argument>
	<argument>C:\BalanzaNode\BalanzaV1.0\node_modules\node-windows\lib\wrapper.js</argument>
	<argument>--file</argument>
	<argument>C:\BalanzaNode\BalanzaV1.0\server_balance.js</argument>
	<argument>--scriptoptions=</argument>
	<argument>--log</argument>
	<argument>Balanza_Service wrapper</argument>
	<argument>--grow</argument>
	<argument>0.25</argument>
	<argument>--wait</argument>
	<argument>1</argument>
	<argument>--maxrestarts</argument>
	<argument>3</argument>
	<argument>--abortonerror</argument>
	<argument>n</argument>
	<argument>--stopparentfirst</argument>
	<argument>undefined</argument>
	<logmode>rotate</logmode>
	<stoptimeout>30sec</stoptimeout>
	<serviceaccount>
		<domain>NTTD-DYMGQW3</domain>
		<user>LocalSystem</user>
		<password></password>
	</serviceaccount>
	<workingdirectory>C:\BalanzaNode\BalanzaV1.0</workingdirectory>
</service>